UTC~~~GMT Standard Time
/softwarestudio.org/Tzfile/Africa/Abidjan~~~Greenwich Standard Time
/softwarestudio.org/Tzfile/Africa/Accra~~~Greenwich Standard Time
/softwarestudio.org/Tzfile/Africa/Addis_Ababa~~~E. Africa Standard Time
/softwarestudio.org/Tzfile/Africa/Algiers~~~W. Central Africa Standard Time
/softwarestudio.org/Tzfile/Africa/Asmara~~~E. Africa Standard Time
/softwarestudio.org/Tzfile/Africa/Bamako~~~Greenwich Standard Time
/softwarestudio.org/Tzfile/Africa/Bangui~~~W. Central Africa Standard Time
/softwarestudio.org/Tzfile/Africa/Banjul~~~Greenwich Standard Time
/softwarestudio.org/Tzfile/Africa/Bissau~~~Greenwich Standard Time
/softwarestudio.org/Tzfile/Africa/Blantyre~~~South Africa Standard Time
/softwarestudio.org/Tzfile/Africa/Brazzaville~~~W. Central Africa Standard Time
/softwarestudio.org/Tzfile/Africa/Bujumbura~~~South Africa Standard Time
/softwarestudio.org/Tzfile/Africa/Cairo~~~Egypt Standard Time
/softwarestudio.org/Tzfile/Africa/Casablanca~~~Greenwich Standard Time
/softwarestudio.org/Tzfile/Africa/Ceuta~~~W. Central Africa Standard Time
/softwarestudio.org/Tzfile/Africa/Conakry~~~Greenwich Standard Time
/softwarestudio.org/Tzfile/Africa/Dakar~~~Greenwich Standard Time
/softwarestudio.org/Tzfile/Africa/Dar_es_Salaam~~~E. Africa Standard Time
/softwarestudio.org/Tzfile/Africa/Djibouti~~~E. Africa Standard Time
/softwarestudio.org/Tzfile/Africa/Douala~~~W. Central Africa Standard Time
/softwarestudio.org/Tzfile/Africa/El_Aaiun~~~Greenwich Standard Time
/softwarestudio.org/Tzfile/Africa/Freetown~~~Greenwich Standard Time
/softwarestudio.org/Tzfile/Africa/Gaborone~~~South Africa Standard Time
/softwarestudio.org/Tzfile/Africa/Harare~~~South Africa Standard Time
/softwarestudio.org/Tzfile/Africa/Johannesburg~~~South Africa Standard Time
/softwarestudio.org/Tzfile/Africa/Kampala~~~E. Africa Standard Time
/softwarestudio.org/Tzfile/Africa/Khartoum~~~E. Africa Standard Time
/softwarestudio.org/Tzfile/Africa/Kigali~~~Egypt Standard Time
/softwarestudio.org/Tzfile/Africa/Kinshasa~~~W. Central Africa Standard Time
/softwarestudio.org/Tzfile/Africa/Lagos~~~Greenwich Standard Time
/softwarestudio.org/Tzfile/Africa/Libreville~~~W. Central Africa Standard Time
/softwarestudio.org/Tzfile/Africa/Lome~~~Greenwich Standard Time
/softwarestudio.org/Tzfile/Africa/Luanda~~~W. Central Africa Standard Time
/softwarestudio.org/Tzfile/Africa/Lubumbashi~~~South Africa Standard Time
/softwarestudio.org/Tzfile/Africa/Lusaka~~~South Africa Standard Time
/softwarestudio.org/Tzfile/Africa/Malabo~~~W. Central Africa Standard Time
/softwarestudio.org/Tzfile/Africa/Maputo~~~South Africa Standard Time
/softwarestudio.org/Tzfile/Africa/Maseru~~~South Africa Standard Time
/softwarestudio.org/Tzfile/Africa/Mbabane~~~South Africa Standard Time
/softwarestudio.org/Tzfile/Africa/Mogadishu~~~E. Africa Standard Time
/softwarestudio.org/Tzfile/Africa/Monrovia~~~Greenwich Standard Time
/softwarestudio.org/Tzfile/Africa/Nairobi~~~E. Africa Standard Time
/softwarestudio.org/Tzfile/Africa/Ndjamena~~~W. Central Africa Standard Time
/softwarestudio.org/Tzfile/Africa/Niamey~~~W. Central Africa Standard Time
/softwarestudio.org/Tzfile/Africa/Nouakchott~~~Greenwich Standard Time
/softwarestudio.org/Tzfile/Africa/Ouagadougou~~~Greenwich Standard Time
/softwarestudio.org/Tzfile/Africa/Porto-Novo~~~W. Central Africa Standard Time
/softwarestudio.org/Tzfile/Africa/Sao_Tome~~~Cape Verde Standard Time
/softwarestudio.org/Tzfile/Africa/Tripoli~~~Egypt Standard Time
/softwarestudio.org/Tzfile/Africa/Tunis~~~W. Central Africa Standard Time
/softwarestudio.org/Tzfile/Africa/Windhoek~~~Namibia Standard Time
/softwarestudio.org/Tzfile/America/Adak~~~Hawaiian Standard Time
/softwarestudio.org/Tzfile/America/Anchorage~~~Alaskan Standard Time
/softwarestudio.org/Tzfile/America/Anguilla~~~SA Western Standard Time
/softwarestudio.org/Tzfile/America/Antigua~~~SA Western Standard Time
/softwarestudio.org/Tzfile/America/Araguaina~~~E. South America Standard Time
/softwarestudio.org/Tzfile/America/Argentina/Buenos_Aires~~~SA Eastern Standard Time
/softwarestudio.org/Tzfile/America/Argentina/Catamarca~~~SA Eastern Standard Time
/softwarestudio.org/Tzfile/America/Argentina/Cordoba~~~SA Eastern Standard Time
/softwarestudio.org/Tzfile/America/Argentina/Jujuy~~~SA Eastern Standard Time
/softwarestudio.org/Tzfile/America/Argentina/La_Rioja~~~SA Eastern Standard Time
/softwarestudio.org/Tzfile/America/Argentina/Mendoza~~~SA Eastern Standard Time
/softwarestudio.org/Tzfile/America/Argentina/Rio_Gallegos~~~SA Eastern Standard Time
/softwarestudio.org/Tzfile/America/Argentina/San_Juan~~~SA Eastern Standard Time
/softwarestudio.org/Tzfile/America/Argentina/Tucuman~~~SA Eastern Standard Time
/softwarestudio.org/Tzfile/America/Argentina/Ushuaia~~~SA Eastern Standard Time
/softwarestudio.org/Tzfile/America/Aruba~~~Venezuela Standard Time
/softwarestudio.org/Tzfile/America/Asuncion~~~SA Eastern Standard Time
/softwarestudio.org/Tzfile/America/Atikokan~~~US Eastern Standard Time
/softwarestudio.org/Tzfile/America/Bahia~~~E. South America Standard Time
/softwarestudio.org/Tzfile/America/Barbados~~~SA Western Standard Time
/softwarestudio.org/Tzfile/America/Belem~~~E. South America Standard Time
/softwarestudio.org/Tzfile/America/Belize~~~Mexico Standard Time
/softwarestudio.org/Tzfile/America/Blanc-Sablon~~~Atlantic Standard Time
/softwarestudio.org/Tzfile/America/Boa_Vista~~~SA Western Standard Time
/softwarestudio.org/Tzfile/America/Bogota~~~SA Pacific Standard Time
/softwarestudio.org/Tzfile/America/Boise~~~US Mountain Standard Time
/softwarestudio.org/Tzfile/America/Cambridge_Bay~~~Mountain Standard Time
/softwarestudio.org/Tzfile/America/Campo_Grande~~~E. South America Standard Time
/softwarestudio.org/Tzfile/America/Cancun~~~Central America Standard Time
/softwarestudio.org/Tzfile/America/Caracas~~~Venezuela Standard Time
/softwarestudio.org/Tzfile/America/Cayenne~~~E. South America Standard Time
/softwarestudio.org/Tzfile/America/Cayman~~~SA Pacific Standard Time
/softwarestudio.org/Tzfile/America/Chicago~~~Central Standard Time
/softwarestudio.org/Tzfile/America/Chihuahua~~~Mexico Standard Time 2
/softwarestudio.org/Tzfile/America/Costa_Rica~~~Central America Standard Time
/softwarestudio.org/Tzfile/America/Cuiaba~~~E. South America Standard Time
/softwarestudio.org/Tzfile/America/Curacao~~~Venezuela Standard Time
/softwarestudio.org/Tzfile/America/Danmarkshavn~~~GMT Standard Time
/softwarestudio.org/Tzfile/America/Dawson~~~Pacific Standard Time
/softwarestudio.org/Tzfile/America/Dawson_Creek~~~Mountain Standard Time
/softwarestudio.org/Tzfile/America/Denver~~~Mountain Standard Time
/softwarestudio.org/Tzfile/America/Detroit~~~Eastern Standard Time
/softwarestudio.org/Tzfile/America/Dominica~~~SA Western Standard Time
/softwarestudio.org/Tzfile/America/Edmonton~~~Mountain Standard Time
/softwarestudio.org/Tzfile/America/Eirunepe~~~SA Pacific Standard Time
/softwarestudio.org/Tzfile/America/El_Salvador~~~Central America Standard Time
/softwarestudio.org/Tzfile/America/Fortaleza~~~E. South America Standard Time
/softwarestudio.org/Tzfile/America/Glace_Bay~~~Atlantic Standard Time
/softwarestudio.org/Tzfile/America/Godthab~~~Greenland Standard Time
/softwarestudio.org/Tzfile/America/Goose_Bay~~~Atlantic Standard Time
/softwarestudio.org/Tzfile/America/Grand_Turk~~~SA Pacific Standard Time
/softwarestudio.org/Tzfile/America/Grenada~~~SA Western Standard Time
/softwarestudio.org/Tzfile/America/Guadeloupe~~~SA Western Standard Time
/softwarestudio.org/Tzfile/America/Guatemala~~~Central America Standard Time
/softwarestudio.org/Tzfile/America/Guayaquil~~~SA Pacific Standard Time
/softwarestudio.org/Tzfile/America/Guyana~~~Venezuela Standard Time
/softwarestudio.org/Tzfile/America/Halifax~~~Atlantic Standard Time
/softwarestudio.org/Tzfile/America/Havana~~~SA Pacific Standard Time
/softwarestudio.org/Tzfile/America/Hermosillo~~~Mexico Standard Time 2
/softwarestudio.org/Tzfile/America/Indiana/Indianapolis~~~US Eastern Standard Time
/softwarestudio.org/Tzfile/America/Indiana/Knox~~~Canada Central Standard Time
/softwarestudio.org/Tzfile/America/Indiana/Marengo~~~US Eastern Standard Time
/softwarestudio.org/Tzfile/America/Indiana/Petersburg~~~US Eastern Standard Time
/softwarestudio.org/Tzfile/America/Indiana/Tell_City~~~Canada Central Standard Time
/softwarestudio.org/Tzfile/America/Indiana/Vevay~~~US Eastern Standard Time
/softwarestudio.org/Tzfile/America/Indiana/Vincennes~~~US Eastern Standard Time
/softwarestudio.org/Tzfile/America/Indiana/Winamac~~~US Eastern Standard Time
/softwarestudio.org/Tzfile/America/Inuvik~~~Mountain Standard Time
/softwarestudio.org/Tzfile/America/Iqaluit~~~Eastern Standard Time
/softwarestudio.org/Tzfile/America/Jamaica~~~SA Pacific Standard Time
/softwarestudio.org/Tzfile/America/Juneau~~~Alaskan Standard Time
/softwarestudio.org/Tzfile/America/Kentucky/Louisville~~~US Eastern Standard Time
/softwarestudio.org/Tzfile/America/Kentucky/Monticello~~~US Eastern Standard Time
/softwarestudio.org/Tzfile/America/La_Paz~~~SA Western Standard Time
/softwarestudio.org/Tzfile/America/Lima~~~SA Pacific Standard Time
/softwarestudio.org/Tzfile/America/Los_Angeles~~~Pacific Standard Time
/softwarestudio.org/Tzfile/America/Maceio~~~E. South America Standard Time
/softwarestudio.org/Tzfile/America/Managua~~~Central America Standard Time
/softwarestudio.org/Tzfile/America/Manaus~~~Central Brazilian Standard Time
/softwarestudio.org/Tzfile/America/Martinique~~~SA Western Standard Time
/softwarestudio.org/Tzfile/America/Mazatlan~~~Mountain Standard Time (Mexico)
/softwarestudio.org/Tzfile/America/Menominee~~~Central Standard Time
/softwarestudio.org/Tzfile/America/Merida~~~Central America Standard Time
/softwarestudio.org/Tzfile/America/Mexico_City~~~Mexico Standard Time
/softwarestudio.org/Tzfile/America/Miquelon~~~Greenland Standard Time
/softwarestudio.org/Tzfile/America/Moncton~~~Atlantic Standard Time
/softwarestudio.org/Tzfile/America/Monterrey~~~Central Standard Time (Mexico)
/softwarestudio.org/Tzfile/America/Montevideo~~~Montevideo Standard Time
/softwarestudio.org/Tzfile/America/Montreal~~~Eastern Standard Time
/softwarestudio.org/Tzfile/America/Montserrat~~~SA Western Standard Time
/softwarestudio.org/Tzfile/America/Nassau~~~Eastern Standard Time
/softwarestudio.org/Tzfile/America/New_York~~~Eastern Standard Time
/softwarestudio.org/Tzfile/America/Nipigon~~~Eastern Standard Time
/softwarestudio.org/Tzfile/America/Nome~~~Alaskan Standard Time
/softwarestudio.org/Tzfile/America/Noronha~~~Mid-Atlantic Standard Time
/softwarestudio.org/Tzfile/America/North_Dakota/Center~~~Central Standard Time
/softwarestudio.org/Tzfile/America/North_Dakota/New_Salem~~~Central Standard Time
/softwarestudio.org/Tzfile/America/Panama~~~SA Pacific Standard Time
/softwarestudio.org/Tzfile/America/Pangnirtung~~~Eastern Standard Time
/softwarestudio.org/Tzfile/America/Paramaribo~~~Venezuela Standard Time
/softwarestudio.org/Tzfile/America/Phoenix~~~US Mountain Standard Time
/softwarestudio.org/Tzfile/America/Port-au-Prince~~~SA Western Standard Time
/softwarestudio.org/Tzfile/America/Port_of_Spain~~~SA Western Standard Time
/softwarestudio.org/Tzfile/America/Porto_Velho~~~SA Western Standard Time
/softwarestudio.org/Tzfile/America/Puerto_Rico~~~SA Western Standard Time
/softwarestudio.org/Tzfile/America/Rainy_River~~~Canada Central Standard Time
/softwarestudio.org/Tzfile/America/Rankin_Inlet~~~Canada Central Standard Time
/softwarestudio.org/Tzfile/America/Recife~~~E. South America Standard Time
/softwarestudio.org/Tzfile/America/Regina~~~Central America Standard Time
/softwarestudio.org/Tzfile/America/Resolute~~~Eastern Standard Time
/softwarestudio.org/Tzfile/America/Rio_Branco~~~SA Pacific Standard Time
/softwarestudio.org/Tzfile/America/Santiago~~~Pacific SA Standard Time
/softwarestudio.org/Tzfile/America/Santo_Domingo~~~SA Western Standard Time
/softwarestudio.org/Tzfile/America/Sao_Paulo~~~Mid-Atlantic Standard Time
/softwarestudio.org/Tzfile/America/Scoresbysund~~~Azores Standard Time
/softwarestudio.org/Tzfile/America/Shiprock~~~US Mountain Standard Time
/softwarestudio.org/Tzfile/America/St_Johns~~~Newfoundland Standard Time
/softwarestudio.org/Tzfile/America/St_Kitts~~~SA Western Standard Time
/softwarestudio.org/Tzfile/America/St_Lucia~~~SA Western Standard Time
/softwarestudio.org/Tzfile/America/St_Thomas~~~SA Western Standard Time
/softwarestudio.org/Tzfile/America/St_Vincent~~~SA Western Standard Time
/softwarestudio.org/Tzfile/America/Swift_Current~~~Central Standard Time
/softwarestudio.org/Tzfile/America/Tegucigalpa~~~Central America Standard Time
/softwarestudio.org/Tzfile/America/Thule~~~Atlantic Standard Time
/softwarestudio.org/Tzfile/America/Thunder_Bay~~~Eastern Standard Time
/softwarestudio.org/Tzfile/America/Tijuana~~~Pacific Standard Time (Mexico)
/softwarestudio.org/Tzfile/America/Toronto~~~Eastern Standard Time
/softwarestudio.org/Tzfile/America/Tortola~~~SA Western Standard Time
/softwarestudio.org/Tzfile/America/Vancouver~~~Pacific Standard Time
/softwarestudio.org/Tzfile/America/Whitehorse~~~Pacific Standard Time
/softwarestudio.org/Tzfile/America/Winnipeg~~~Canada Central Standard Time
/softwarestudio.org/Tzfile/America/Yakutat~~~Alaskan Standard Time
/softwarestudio.org/Tzfile/America/Yellowknife~~~Mountain Standard Time
/softwarestudio.org/Tzfile/Antarctica/Casey~~~GMT Standard Time
/softwarestudio.org/Tzfile/Antarctica/Davis~~~SE Asia Standard Time
/softwarestudio.org/Tzfile/Antarctica/DumontDUrville~~~West Pacific Standard Time
/softwarestudio.org/Tzfile/Antarctica/Mawson~~~GMT Standard Time
/softwarestudio.org/Tzfile/Antarctica/McMurdo~~~Tonga Standard Time
/softwarestudio.org/Tzfile/Antarctica/Palmer~~~Greenland Standard Time
/softwarestudio.org/Tzfile/Antarctica/Rothera~~~GMT Standard Time
/softwarestudio.org/Tzfile/Antarctica/South_Pole~~~GMT Standard Time
/softwarestudio.org/Tzfile/Antarctica/Syowa~~~GMT Standard Time
/softwarestudio.org/Tzfile/Antarctica/Vostok~~~GMT Standard Time
/softwarestudio.org/Tzfile/Arctic/Longyearbyen~~~Central Europe Standard Time
/softwarestudio.org/Tzfile/Asia/Aden~~~Arab Standard Time
/softwarestudio.org/Tzfile/Asia/Almaty~~~N. Central Asia Standard Time
/softwarestudio.org/Tzfile/Asia/Amman~~~Jordan Standard Time
/softwarestudio.org/Tzfile/Asia/Anadyr~~~Fiji Standard Time
/softwarestudio.org/Tzfile/Asia/Aqtau~~~Ekaterinburg Standard Time
/softwarestudio.org/Tzfile/Asia/Aqtobe~~~Ekaterinburg Standard Time
/softwarestudio.org/Tzfile/Asia/Ashgabat~~~Ekaterinburg Standard Time
/softwarestudio.org/Tzfile/Asia/Baghdad~~~Arabic Standard Time
/softwarestudio.org/Tzfile/Asia/Bahrain~~~Arab Standard Time
/softwarestudio.org/Tzfile/Asia/Baku~~~Azerbaijan Standard Time
/softwarestudio.org/Tzfile/Asia/Bangkok~~~SE Asia Standard Time
/softwarestudio.org/Tzfile/Asia/Beijing~~~China Standard Time
/softwarestudio.org/Tzfile/Asia/Beirut~~~Middle East Standard Time
/softwarestudio.org/Tzfile/Asia/Bishkek~~~Central Asia Standard Time
/softwarestudio.org/Tzfile/Asia/Brunei~~~Taipei Standard Time
/softwarestudio.org/Tzfile/Asia/Calcutta~~~India Standard Time
/softwarestudio.org/Tzfile/Asia/Choibalsan~~~Yakutsk Standard Time
/softwarestudio.org/Tzfile/Asia/Chongqing~~~China Standard Time
/softwarestudio.org/Tzfile/Asia/Colombo~~~India Standard Time
/softwarestudio.org/Tzfile/Asia/Damascus~~~Israel Standard Time
/softwarestudio.org/Tzfile/Asia/Dhaka~~~Central Asia Standard Time
/softwarestudio.org/Tzfile/Asia/Dili~~~Yakutsk Standard Time
/softwarestudio.org/Tzfile/Asia/Dubai~~~Iran Standard Time
/softwarestudio.org/Tzfile/Asia/Dushanbe~~~West Asia Standard Time
/softwarestudio.org/Tzfile/Asia/Gaza~~~Israel Standard Time
/softwarestudio.org/Tzfile/Asia/Harbin~~~China Standard Time
/softwarestudio.org/Tzfile/Asia/Hong_Kong~~~China Standard Time
/softwarestudio.org/Tzfile/Asia/Hovd~~~North Asia Standard Time
/softwarestudio.org/Tzfile/Asia/Irkutsk~~~North Asia East Standard Time
/softwarestudio.org/Tzfile/Asia/Jakarta~~~SE Asia Standard Time
/softwarestudio.org/Tzfile/Asia/Jayapura~~~Yakutsk Standard Time
/softwarestudio.org/Tzfile/Asia/Jerusalem~~~Israel Standard Time
/softwarestudio.org/Tzfile/Asia/Kabul~~~Afghanistan Standard Time
/softwarestudio.org/Tzfile/Asia/Kamchatka~~~Fiji Standard Time
/softwarestudio.org/Tzfile/Asia/Karachi~~~West Asia Standard Time
/softwarestudio.org/Tzfile/Asia/Kashgar~~~China Standard Time
/softwarestudio.org/Tzfile/Asia/Katmandu~~~Nepal Standard Time
/softwarestudio.org/Tzfile/Asia/Krasnoyarsk~~~North Asia Standard Time
/softwarestudio.org/Tzfile/Asia/Kuala_Lumpur~~~Singapore Standard Time
/softwarestudio.org/Tzfile/Asia/Kuching~~~Taipei Standard Time
/softwarestudio.org/Tzfile/Asia/Kuwait~~~Arab Standard Time
/softwarestudio.org/Tzfile/Asia/Macau~~~China Standard Time
/softwarestudio.org/Tzfile/Asia/Magadan~~~Central Pacific Standard Time
/softwarestudio.org/Tzfile/Asia/Makassar~~~Taipei Standard Time
/softwarestudio.org/Tzfile/Asia/Manila~~~Taipei Standard Time
/softwarestudio.org/Tzfile/Asia/Muscat~~~Arabian Standard Time
/softwarestudio.org/Tzfile/Asia/Nicosia~~~Israel Standard Time
/softwarestudio.org/Tzfile/Asia/Novosibirsk~~~N. Central Asia Standard Time
/softwarestudio.org/Tzfile/Asia/Omsk~~~N. Central Asia Standard Time
/softwarestudio.org/Tzfile/Asia/Oral~~~Ekaterinburg Standard Time
/softwarestudio.org/Tzfile/Asia/Phnom_Penh~~~SE Asia Standard Time
/softwarestudio.org/Tzfile/Asia/Pontianak~~~SE Asia Standard Time
/softwarestudio.org/Tzfile/Asia/Pyongyang~~~Korea Standard Time
/softwarestudio.org/Tzfile/Asia/Qatar~~~Arab Standard Time
/softwarestudio.org/Tzfile/Asia/Qyzylorda~~~Central Asia Standard Time
/softwarestudio.org/Tzfile/Asia/Rangoon~~~Myanmar Standard Time
/softwarestudio.org/Tzfile/Asia/Riyadh~~~Arab Standard Time
/softwarestudio.org/Tzfile/Asia/Saigon~~~SE Asia Standard Time
/softwarestudio.org/Tzfile/Asia/Sakhalin~~~Vladivostok Standard Time
/softwarestudio.org/Tzfile/Asia/Samarkand~~~West Asia Standard Time
/softwarestudio.org/Tzfile/Asia/Seoul~~~Korea Standard Time
/softwarestudio.org/Tzfile/Asia/Shanghai~~~China Standard Time
/softwarestudio.org/Tzfile/Asia/Singapore~~~Singapore Standard Time
/softwarestudio.org/Tzfile/Asia/Taipei~~~Taipei Standard Time
/softwarestudio.org/Tzfile/Asia/Tashkent~~~West Asia Standard Time
/softwarestudio.org/Tzfile/Asia/Tbilisi~~~Georgian Standard Time
/softwarestudio.org/Tzfile/Asia/Tehran~~~Iran Standard Time
/softwarestudio.org/Tzfile/Asia/Thimphu~~~Central Asia Standard Time
/softwarestudio.org/Tzfile/Asia/Tokyo~~~Tokyo Standard Time
/softwarestudio.org/Tzfile/Asia/Ulaanbaatar~~~North Asia East Standard Time
/softwarestudio.org/Tzfile/Asia/Urumqi~~~China Standard Time
/softwarestudio.org/Tzfile/Asia/Vientiane~~~SE Asia Standard Time
/softwarestudio.org/Tzfile/Asia/Vladivostok~~~Vladivostok Standard Time
/softwarestudio.org/Tzfile/Asia/Yakutsk~~~Yakutsk Standard Time
/softwarestudio.org/Tzfile/Asia/Yekaterinburg~~~Ekaterinburg Standard Time
/softwarestudio.org/Tzfile/Asia/Yerevan~~~Armenian Standard Time
/softwarestudio.org/Tzfile/Atlantic/Azores~~~Azores Standard Time
/softwarestudio.org/Tzfile/Atlantic/Bermuda~~~Atlantic Standard Time
/softwarestudio.org/Tzfile/Atlantic/Canary~~~GMT Standard Time
/softwarestudio.org/Tzfile/Atlantic/Cape_Verde~~~Cape Verde Standard Time
/softwarestudio.org/Tzfile/Atlantic/Faroe~~~GMT Standard Time
/softwarestudio.org/Tzfile/Atlantic/Jan_Mayen~~~W. Europe Standard Time
/softwarestudio.org/Tzfile/Atlantic/Madeira~~~GMT Standard Time
/softwarestudio.org/Tzfile/Atlantic/Reykjavik~~~GMT Standard Time
/softwarestudio.org/Tzfile/Atlantic/South_Georgia~~~Mid-Atlantic Standard Time
/softwarestudio.org/Tzfile/Atlantic/Stanley~~~SA Eastern Standard Time
/softwarestudio.org/Tzfile/Atlantic/St_Helena~~~Greenwich Standard Time
/softwarestudio.org/Tzfile/Australia/Adelaide~~~Cen. Australia Standard Time
/softwarestudio.org/Tzfile/Australia/Brisbane~~~E. Australia Standard Time
/softwarestudio.org/Tzfile/Australia/Broken_Hill~~~Cen. Australia Standard Time
/softwarestudio.org/Tzfile/Australia/Currie~~~AUS Eastern Standard Time
/softwarestudio.org/Tzfile/Australia/Darwin~~~AUS Central Standard Time
/softwarestudio.org/Tzfile/Australia/Eucla~~~AUS Central Standard Time
/softwarestudio.org/Tzfile/Australia/Hobart~~~Tasmania Standard Time
/softwarestudio.org/Tzfile/Australia/Lindeman~~~E. Australia Standard Time
/softwarestudio.org/Tzfile/Australia/Lord_Howe~~~AUS Eastern Standard Time
/softwarestudio.org/Tzfile/Australia/Melbourne~~~AUS Eastern Standard Time
/softwarestudio.org/Tzfile/Australia/Perth~~~W. Australia Standard Time
/softwarestudio.org/Tzfile/Australia/Sydney~~~AUS Eastern Standard Time
/softwarestudio.org/Tzfile/Europe/Amsterdam~~~W. Europe Standard Time
/softwarestudio.org/Tzfile/Europe/Andorra~~~W. Europe Standard Time
/softwarestudio.org/Tzfile/Europe/Athens~~~GTB Standard Time
/softwarestudio.org/Tzfile/Europe/Belgrade~~~Central European Standard Time
/softwarestudio.org/Tzfile/Europe/Berlin~~~W. Europe Standard Time
/softwarestudio.org/Tzfile/Europe/Bratislava~~~Central Europe Standard Time
/softwarestudio.org/Tzfile/Europe/Brussels~~~Romance Standard Time
/softwarestudio.org/Tzfile/Europe/Bucharest~~~E. Europe Standard Time
/softwarestudio.org/Tzfile/Europe/Budapest~~~Central Europe Standard Time
/softwarestudio.org/Tzfile/Europe/Chisinau~~~FLE Standard Time
/softwarestudio.org/Tzfile/Europe/Copenhagen~~~Romance Standard Time
/softwarestudio.org/Tzfile/Europe/Dublin~~~GMT Standard Time
/softwarestudio.org/Tzfile/Europe/Gibraltar~~~Romance Standard Time
/softwarestudio.org/Tzfile/Europe/Guernsey~~~GMT Standard Time
/softwarestudio.org/Tzfile/Europe/Helsinki~~~FLE Standard Time
/softwarestudio.org/Tzfile/Europe/Isle_of_Man~~~GMT Standard Time
/softwarestudio.org/Tzfile/Europe/Istanbul~~~GTB Standard Time
/softwarestudio.org/Tzfile/Europe/Jersey~~~GMT Standard Time
/softwarestudio.org/Tzfile/Europe/Kaliningrad~~~FLE Standard Time
/softwarestudio.org/Tzfile/Europe/Kiev~~~FLE Standard Time
/softwarestudio.org/Tzfile/Europe/Lisbon~~~GMT Standard Time
/softwarestudio.org/Tzfile/Europe/Ljubljana~~~Central Europe Standard Time
/softwarestudio.org/Tzfile/Europe/London~~~GMT Standard Time
/softwarestudio.org/Tzfile/Europe/Luxembourg~~~Romance Standard Time
/softwarestudio.org/Tzfile/Europe/Madrid~~~Romance Standard Time
/softwarestudio.org/Tzfile/Europe/Malta~~~W. Europe Standard Time
/softwarestudio.org/Tzfile/Europe/Mariehamn~~~FLE Standard Time
/softwarestudio.org/Tzfile/Europe/Minsk~~~E. Europe Standard Time
/softwarestudio.org/Tzfile/Europe/Monaco~~~W. Europe Standard Time
/softwarestudio.org/Tzfile/Europe/Moscow~~~Russian Standard Time
/softwarestudio.org/Tzfile/Europe/Oslo~~~W. Europe Standard Time
/softwarestudio.org/Tzfile/Europe/Paris~~~Romance Standard Time
/softwarestudio.org/Tzfile/Europe/Podgorica~~~Central European Standard Time
/softwarestudio.org/Tzfile/Europe/Prague~~~Central Europe Standard Time
/softwarestudio.org/Tzfile/Europe/Riga~~~FLE Standard Time
/softwarestudio.org/Tzfile/Europe/Rome~~~W. Europe Standard Time
/softwarestudio.org/Tzfile/Europe/Samara~~~Caucasus Standard Time
/softwarestudio.org/Tzfile/Europe/San_Marino~~~W. Europe Standard Time
/softwarestudio.org/Tzfile/Europe/Sarajevo~~~Central European Standard Time
/softwarestudio.org/Tzfile/Europe/Simferopol~~~FLE Standard Time
/softwarestudio.org/Tzfile/Europe/Skopje~~~Central European Standard Time
/softwarestudio.org/Tzfile/Europe/Sofia~~~FLE Standard Time
/softwarestudio.org/Tzfile/Europe/Stockholm~~~W. Europe Standard Time
/softwarestudio.org/Tzfile/Europe/Tallinn~~~FLE Standard Time
/softwarestudio.org/Tzfile/Europe/Tirane~~~Central European Standard Time
/softwarestudio.org/Tzfile/Europe/Uzhgorod~~~FLE Standard Time
/softwarestudio.org/Tzfile/Europe/Vaduz~~~W. Europe Standard Time
/softwarestudio.org/Tzfile/Europe/Vatican~~~W. Europe Standard Time
/softwarestudio.org/Tzfile/Europe/Vienna~~~W. Europe Standard Time
/softwarestudio.org/Tzfile/Europe/Vilnius~~~FLE Standard Time
/softwarestudio.org/Tzfile/Europe/Volgograd~~~Russian Standard Time
/softwarestudio.org/Tzfile/Europe/Warsaw~~~Central European Standard Time
/softwarestudio.org/Tzfile/Europe/Zagreb~~~Central European Standard Time
/softwarestudio.org/Tzfile/Europe/Zaporozhye~~~FLE Standard Time
/softwarestudio.org/Tzfile/Europe/Zurich~~~W. Europe Standard Time
/softwarestudio.org/Tzfile/Indian/Antananarivo~~~E. Africa Standard Time
/softwarestudio.org/Tzfile/Indian/Chagos~~~Sri Lanka Standard Time
/softwarestudio.org/Tzfile/Indian/Christmas~~~SE Asia Standard Time
/softwarestudio.org/Tzfile/Indian/Cocos~~~Myanmar Standard Time
/softwarestudio.org/Tzfile/Indian/Comoro~~~E. Africa Standard Time
/softwarestudio.org/Tzfile/Indian/Kerguelen~~~GMT Standard Time
/softwarestudio.org/Tzfile/Indian/Mahe~~~Iran Standard Time
/softwarestudio.org/Tzfile/Indian/Maldives~~~West Asia Standard Time
/softwarestudio.org/Tzfile/Indian/Mauritius~~~Arabian Standard Time
/softwarestudio.org/Tzfile/Indian/Mayotte~~~E. Africa Standard Time
/softwarestudio.org/Tzfile/Indian/Reunion~~~Iran Standard Time
/softwarestudio.org/Tzfile/Pacific/Apia~~~Dateline Standard Time
/softwarestudio.org/Tzfile/Pacific/Auckland~~~New Zealand Standard Time
/softwarestudio.org/Tzfile/Pacific/Chatham~~~Tonga Standard Time
/softwarestudio.org/Tzfile/Pacific/Easter~~~SA Pacific Standard Time
/softwarestudio.org/Tzfile/Pacific/Efate~~~Central Pacific Standard Time
/softwarestudio.org/Tzfile/Pacific/Enderbury~~~Tonga Standard Time
/softwarestudio.org/Tzfile/Pacific/Fakaofo~~~Hawaiian Standard Time
/softwarestudio.org/Tzfile/Pacific/Fiji~~~Fiji Standard Time
/softwarestudio.org/Tzfile/Pacific/Funafuti~~~Fiji Standard Time
/softwarestudio.org/Tzfile/Pacific/Galapagos~~~Mexico Standard Time
/softwarestudio.org/Tzfile/Pacific/Gambier~~~Alaskan Standard Time
/softwarestudio.org/Tzfile/Pacific/Guadalcanal~~~Central Pacific Standard Time
/softwarestudio.org/Tzfile/Pacific/Guam~~~West Pacific Standard Time
/softwarestudio.org/Tzfile/Pacific/Honolulu~~~Hawaiian Standard Time
/softwarestudio.org/Tzfile/Pacific/Johnston~~~Hawaiian Standard Time
/softwarestudio.org/Tzfile/Pacific/Kiritimati~~~Tonga Standard Time
/softwarestudio.org/Tzfile/Pacific/Kosrae~~~Central Pacific Standard Time
/softwarestudio.org/Tzfile/Pacific/Kwajalein~~~Fiji Standard Time
/softwarestudio.org/Tzfile/Pacific/Majuro~~~Central Pacific Standard Time
/softwarestudio.org/Tzfile/Pacific/Marquesas~~~Alaskan Standard Time
/softwarestudio.org/Tzfile/Pacific/Midway~~~Samoa Standard Time
/softwarestudio.org/Tzfile/Pacific/Nauru~~~Fiji Standard Time
/softwarestudio.org/Tzfile/Pacific/Niue~~~Samoa Standard Time
/softwarestudio.org/Tzfile/Pacific/Norfolk~~~Central Pacific Standard Time
/softwarestudio.org/Tzfile/Pacific/Noumea~~~Central Pacific Standard Time
/softwarestudio.org/Tzfile/Pacific/Pago_Pago~~~Samoa Standard Time
/softwarestudio.org/Tzfile/Pacific/Palau~~~Yakutsk Standard Time
/softwarestudio.org/Tzfile/Pacific/Pitcairn~~~Pacific Standard Time
/softwarestudio.org/Tzfile/Pacific/Ponape~~~Central Pacific Standard Time
/softwarestudio.org/Tzfile/Pacific/Port_Moresby~~~West Pacific Standard Time
/softwarestudio.org/Tzfile/Pacific/Rarotonga~~~Hawaiian Standard Time
/softwarestudio.org/Tzfile/Pacific/Saipan~~~West Pacific Standard Time
/softwarestudio.org/Tzfile/Pacific/Tahiti~~~Hawaiian Standard Time
/softwarestudio.org/Tzfile/Pacific/Tarawa~~~Fiji Standard Time
/softwarestudio.org/Tzfile/Pacific/Tongatapu~~~Tonga Standard Time
/softwarestudio.org/Tzfile/Pacific/Truk~~~West Pacific Standard Time
/softwarestudio.org/Tzfile/Pacific/Wake~~~Fiji Standard Time
/softwarestudio.org/Tzfile/Pacific/Wallis~~~Fiji Standard Time
