Dateline Standard Time~~~/softwarestudio.org/Tzfile/Pacific/Apia
Samoa Standard Time~~~/softwarestudio.org/Tzfile/Pacific/Midway
Hawaiian Standard Time~~~/softwarestudio.org/Tzfile/Pacific/Honolulu
Alaskan Standard Time~~~/softwarestudio.org/Tzfile/America/Anchorage
Pacific Standard Time~~~/softwarestudio.org/Tzfile/America/Los_Angeles
Pacific Standard Time (Mexico)~~~/softwarestudio.org/Tzfile/America/Tijuana
US Mountain Standard Time~~~/softwarestudio.org/Tzfile/America/Phoenix
Mountain Standard Time (Mexico)~~~/softwarestudio.org/Tzfile/America/Mazatlan
Mexico Standard Time 2~~~/softwarestudio.org/Tzfile/America/Chihuahua
Mountain Standard Time~~~/softwarestudio.org/Tzfile/America/Denver
Central America Standard Time~~~/softwarestudio.org/Tzfile/America/Costa_Rica
Central Standard Time~~~/softwarestudio.org/Tzfile/America/Chicago
Central Standard Time (Mexico)~~~/softwarestudio.org/Tzfile/America/Monterrey
Mexico Standard Time~~~/softwarestudio.org/Tzfile/America/Mexico_City
Canada Central Standard Time~~~/softwarestudio.org/Tzfile/America/Winnipeg
SA Pacific Standard Time~~~/softwarestudio.org/Tzfile/America/Bogota
Eastern Standard Time~~~/softwarestudio.org/Tzfile/America/New_York
US Eastern Standard Time~~~/softwarestudio.org/Tzfile/America/Indiana/Indianapolis
Venezuela Standard Time~~~/softwarestudio.org/Tzfile/America/Caracas
Atlantic Standard Time~~~/softwarestudio.org/Tzfile/America/Halifax
SA Western Standard Time~~~/softwarestudio.org/Tzfile/America/La_Paz
Central Brazilian Standard Time~~~/softwarestudio.org/Tzfile/America/Manaus
Pacific SA Standard Time~~~/softwarestudio.org/Tzfile/America/La_Paz
Newfoundland Standard Time~~~/softwarestudio.org/Tzfile/America/St_Johns
E. South America Standard Time~~~/softwarestudio.org/Tzfile/America/Bahia
SA Eastern Standard Time~~~/softwarestudio.org/Tzfile/America/Argentina/Buenos_Aires
Greenland Standard Time~~~/softwarestudio.org/Tzfile/America/Godthab
Montevideo Standard Time~~~/softwarestudio.org/Tzfile/America/Montevideo
Mid-Atlantic Standard Time~~~/softwarestudio.org/Tzfile/Atlantic/South_Georgia
Azores Standard Time~~~/softwarestudio.org/Tzfile/Atlantic/Azores
Cape Verde Standard Time~~~/softwarestudio.org/Tzfile/Atlantic/Cape_Verde
Greenwich Standard Time~~~/softwarestudio.org/Tzfile/Africa/Casablanca
GMT Standard Time~~~UTC
W. Europe Standard Time~~~/softwarestudio.org/Tzfile/Europe/Berlin
Central Europe Standard Time~~~/softwarestudio.org/Tzfile/Europe/Prague
Romance Standard Time~~~/softwarestudio.org/Tzfile/Europe/Paris
Central European Standard Time~~~/softwarestudio.org/Tzfile/Europe/Belgrade
W. Central Africa Standard Time~~~/softwarestudio.org/Tzfile/Africa/Luanda
Jordan Standard Time~~~/softwarestudio.org/Tzfile/Asia/Amman
GTB Standard Time~~~/softwarestudio.org/Tzfile/Europe/Athens
Middle East Standard Time~~~/softwarestudio.org/Tzfile/Asia/Beirut
Egypt Standard Time~~~/softwarestudio.org/Tzfile/Africa/Cairo
South Africa Standard Time~~~/softwarestudio.org/Tzfile/Africa/Harare
FLE Standard Time~~~/softwarestudio.org/Tzfile/Europe/Helsinki
Israel Standard Time~~~/softwarestudio.org/Tzfile/Asia/Jerusalem
E. Europe Standard Time~~~/softwarestudio.org/Tzfile/Europe/Minsk
Namibia Standard Time~~~/softwarestudio.org/Tzfile/Africa/Windhoek
Arabic Standard Time~~~/softwarestudio.org/Tzfile/Asia/Baghdad
Arab Standard Time~~~/softwarestudio.org/Tzfile/Asia/Qatar
Russian Standard Time~~~/softwarestudio.org/Tzfile/Europe/Moscow
E. Africa Standard Time~~~/softwarestudio.org/Tzfile/Africa/Nairobi
Georgian Standard Time~~~/softwarestudio.org/Tzfile/Asia/Tbilisi
Iran Standard Time~~~/softwarestudio.org/Tzfile/Asia/Tehran
Arabian Standard Time~~~/softwarestudio.org/Tzfile/Asia/Muscat
Azerbaijan Standard Time~~~/softwarestudio.org/Tzfile/Asia/Baku
Caucasus Standard Time~~~/softwarestudio.org/Tzfile/Asia/Yerevan
Armenian Standard Time~~~/softwarestudio.org/Tzfile/Asia/Yerevan
Afghanistan Standard Time~~~/softwarestudio.org/Tzfile/Asia/Kabul
Ekaterinburg Standard Time~~~/softwarestudio.org/Tzfile/Asia/Yekaterinburg
West Asia Standard Time~~~/softwarestudio.org/Tzfile/Asia/Karachi
India Standard Time~~~/softwarestudio.org/Tzfile/Asia/Calcutta
Sri Lanka Standard Time~~~/softwarestudio.org/Tzfile/Asia/Colombo
Nepal Standard Time~~~/softwarestudio.org/Tzfile/Asia/Katmandu
N. Central Asia Standard Time~~~/softwarestudio.org/Tzfile/Asia/Novosibirsk
Central Asia Standard Time~~~/softwarestudio.org/Tzfile/Asia/Dhaka
Myanmar Standard Time~~~/softwarestudio.org/Tzfile/Asia/Rangoon
SE Asia Standard Time~~~/softwarestudio.org/Tzfile/Asia/Bangkok
North Asia Standard Time~~~/softwarestudio.org/Tzfile/Asia/Krasnoyarsk
China Standard Time~~~/softwarestudio.org/Tzfile/Asia/Shanghai
North Asia East Standard Time~~~/softwarestudio.org/Tzfile/Asia/Ulaanbaatar
Singapore Standard Time~~~/softwarestudio.org/Tzfile/Asia/Singapore
W. Australia Standard Time~~~/softwarestudio.org/Tzfile/Australia/Perth
Taipei Standard Time~~~/softwarestudio.org/Tzfile/Asia/Taipei
Tokyo Standard Time~~~/softwarestudio.org/Tzfile/Asia/Tokyo
Korea Standard Time~~~/softwarestudio.org/Tzfile/Asia/Seoul
Yakutsk Standard Time~~~/softwarestudio.org/Tzfile/Asia/Yakutsk
Cen. Australia Standard Time~~~/softwarestudio.org/Tzfile/Australia/Adelaide
AUS Central Standard Time~~~/softwarestudio.org/Tzfile/Australia/Darwin
E. Australia Standard Time~~~/softwarestudio.org/Tzfile/Australia/Brisbane
AUS Eastern Standard Time~~~/softwarestudio.org/Tzfile/Australia/Sydney
West Pacific Standard Time~~~/softwarestudio.org/Tzfile/Pacific/Guam
Tasmania Standard Time~~~/softwarestudio.org/Tzfile/Australia/Hobart
Vladivostok Standard Time~~~/softwarestudio.org/Tzfile/Asia/Vladivostok
Central Pacific Standard Time~~~/softwarestudio.org/Tzfile/Asia/Magadan
New Zealand Standard Time~~~/softwarestudio.org/Tzfile/Pacific/Auckland
Fiji Standard Time~~~/softwarestudio.org/Tzfile/Pacific/Fiji
Tonga Standard Time~~~/softwarestudio.org/Tzfile/Pacific/Tongatapu
